<?xml version="1.0" encoding="UTF-8" standalone="yes"?>
<addon id="repository.7PlusREPO" name="[B][COLOR red]7Plus REPO[/COLOR][/B]" version="1.0" provider-name="7Plus">
    <extension point="xbmc.addon.repository" name="7Plus Repository">
        <dir>
            <info compressed="false">https://raw.githubusercontent.com/lokimaximus/7PlusREPO/master/zips/addons.xml</info>
            <checksum>https://raw.githubusercontent.com/lokimaximus/7PlusREPO/master/zips/addons.xml.md5</checksum>
            <datadir zip="true">https://raw.githubusercontent.com/lokimaximus/7PlusREPO/master/zips/</datadir>
        </dir>
    </extension>
    <extension point="xbmc.addon.metadata">
        <summary>REPO 7Plus</summary>
        <description>[B]Repositorio oficial 7Plus - Proibido reproducao sem previa autorizacao[/B]</description>
        <disclaimer></disclaimer>
        <platform>all</platform>
        <assets>
            <icon>icon.png</icon>
            <fanart>fanart.jpg</fanart>
        </assets>
    </extension>
</addon>