<?xml version="1.0" encoding="UTF-8" standalone="yes"?>
<addon id="repository.superservidormundial" name="[B][COLOR green]**** Super Servido[/COLOR][COLOR yellow]r Mundial ****[/COLOR][/B]" version="1.2" provider-name="CachorroCaramelo">
	<extension point="xbmc.addon.repository" name="Super Servidor Mundial">
        <dir minversion="19.0.0">
            <info compressed="true">https://repo.kodinerds.net/addons/matrix/addons.xml</info>
            <checksum>https://repo.kodinerds.net/addons/matrix/addons.xml.md5</checksum>
            <datadir zip="true">https://repo.kodinerds.net/addons/matrix/zip/</datadir>
            <hashes>false</hashes>
        </dir>
		<dir minversion="19.0.0">
		    <info compressed="false">http://grumpeh.aion.feralhosting.com/wizard/MATRIX/_repo/addons.xml</info>
            <checksum>http://grumpeh.aion.feralhosting.com/wizard/MATRIX/_repo/addons.xml.md5</checksum>
            <datadir zip="true">http://grumpeh.aion.feralhosting.com/wizard/MATRIX/_repo//</datadir>
            <hashes>false</hashes>
		</dir>
		<dir minversion="19.0.0">
			<info compressed="false">https://raw.githubusercontent.com/Collabsvito/REpo-AiO/master/MATRIX/addons.xml</info>
			<checksum>https://raw.githubusercontent.com/Collabsvito/REpo-AiO/master/MATRIX/addons.xml.md5</checksum>
			<datadir zip="true">https://raw.githubusercontent.com/Collabsvito/REpo-AiO/master/MATRIX/</datadir>
			<hashes>false</hashes>
		</dir>
		<dir minversion="16.0.0" maxversion="18.9.9">
			<info compressed="false">https://raw.githubusercontent.com/thecrewwh/zips/master/_zip/addons.xml</info>
			<checksum>https://raw.githubusercontent.com/thecrewwh/zips/master/_zip/addons.xml.md5</checksum>
			<datadir zip="true">https://raw.githubusercontent.com/thecrewwh/zips/master/_zip</datadir>
		</dir>
		<dir minversion="18.9.9">
			<info compressed="false">https://raw.githubusercontent.com/thecrewwh/zips/master/matrix/_zip/addons.xml</info>
			<checksum>https://raw.githubusercontent.com/thecrewwh/zips/master//matrix/_zip/addons.xml.md5</checksum>
			<datadir zip="true">https://raw.githubusercontent.com/thecrewwh/zips/master//matrix/_zip</datadir>
		</dir>




	</extension>
	
	
	<extension point="xbmc.addon.metadata">
		<summary lang="en">Super Servidor Mundial</summary>
		<description lang="en">Reunimos os Melhores ou Não no Super Servidor Mundial</description>
		<disclaimer>Só jack</disclaimer>
		<platform>all</platform>
        <assets>
            <icon>icon.png</icon>
            <fanart>fanart.jpg</fanart>
        </assets>
	</extension>
</addon>